{
    "best_model": "XGBoost",
    "best_model_metrics": {
        "accuracy": 0.8855555555555555,
        "precision": 0.43478260869565216,
        "recall": 0.20618556701030927,
        "f1_score": 0.27972027972027974,
        "roc_auc": 0.8044189957761487,
        "confusion_matrix": [
            [
                777,
                26
            ],
            [
                77,
                20
            ]
        ]
    },
    "all_models": {
        "XGBoost": {
            "accuracy": 0.8855555555555555,
            "precision": 0.43478260869565216,
            "recall": 0.20618556701030927,
            "f1_score": 0.27972027972027974,
            "roc_auc": 0.8044189957761487,
            "confusion_matrix": [
                [
                    777,
                    26
                ],
                [
                    77,
                    20
                ]
            ]
        },
        "LightGBM": {
            "accuracy": 0.8822222222222222,
            "precision": 0.3902439024390244,
            "recall": 0.16494845360824742,
            "f1_score": 0.2318840579710145,
            "roc_auc": 0.7921711109114018,
            "confusion_matrix": [
                [
                    778,
                    25
                ],
                [
                    81,
                    16
                ]
            ]
        },
        "CatBoost": {
            "accuracy": 0.8922222222222222,
            "precision": 0.5,
            "recall": 0.16494845360824742,
            "f1_score": 0.24806201550387597,
            "roc_auc": 0.8061907023918038,
            "confusion_matrix": [
                [
                    787,
                    16
                ],
                [
                    81,
                    16
                ]
            ]
        },
        "Random Forest": {
            "accuracy": 0.8911111111111111,
            "precision": 0.4444444444444444,
            "recall": 0.041237113402061855,
            "f1_score": 0.07547169811320754,
            "roc_auc": 0.8216096853294989,
            "confusion_matrix": [
                [
                    798,
                    5
                ],
                [
                    93,
                    4
                ]
            ]
        },
        "Gradient Boosting": {
            "accuracy": 0.8844444444444445,
            "precision": 0.425531914893617,
            "recall": 0.20618556701030927,
            "f1_score": 0.2777777777777778,
            "roc_auc": 0.788922982116034,
            "confusion_matrix": [
                [
                    776,
                    27
                ],
                [
                    77,
                    20
                ]
            ]
        }
    }
}